{
  "logistic_regression": {
    "type": "sklearn",
    "metrics": {
      "accuracy": 0.5727990097477952,
      "cv_mean": 0.5557103064066853,
      "cv_std": 0.006596635088359288,
      "confusion_matrix": [
        [
          839,
          0,
          1051
        ],
        [
          262,
          0,
          1224
        ],
        [
          224,
          0,
          2863
        ]
      ],
      "classification_report": {
        "away_win": {
          "precision": 0.6332075471698113,
          "recall": 0.44391534391534393,
          "f1-score": 0.5219284603421462,
          "support": 1890.0
        },
        "draw": {
          "precision": 0.0,
          "recall": 0.0,
          "f1-score": 0.0,
          "support": 1486.0
        },
        "home_win": {
          "precision": 0.5572207084468664,
          "recall": 0.927437641723356,
          "f1-score": 0.6961702127659575,
          "support": 3087.0
        },
        "accuracy": 0.5727990097477952,
        "macro avg": {
          "precision": 0.3968094185388926,
          "recall": 0.45711766187956665,
          "f1-score": 0.4060328910360346,
          "support": 6463.0
        },
        "weighted avg": {
          "precision": 0.45132331597190467,
          "recall": 0.5727990097477952,
          "f1-score": 0.48514965756694517,
          "support": 6463.0
        }
      },
      "features": [
        "home_goals_scored",
        "home_goals_conceded",
        "home_win_rate",
        "away_goals_scored",
        "away_goals_conceded",
        "away_win_rate",
        "home_advantage"
      ],
      "feature_method": "chronological_pre_match_expanding_stats",
      "training_samples": 25852,
      "test_samples": 6463,
      "test_start_year": 2019,
      "random_state": 42,
      "sklearn_version": "1.9.0",
      "numpy_version": "2.4.6"
    },
    "description": "Logistic Regression treinado com validação temporal e features pré-jogo sem vazamento de dados.",
    "path": "models/logistic_regression.pkl",
    "saved_at": "2026-06-19T22:39:12.421010+00:00",
    "active": false
  },
  "random_forest": {
    "type": "sklearn",
    "metrics": {
      "accuracy": 0.5624323069781835,
      "cv_mean": 0.5363974001857009,
      "cv_std": 0.0056961347801148905,
      "confusion_matrix": [
        [
          972,
          255,
          663
        ],
        [
          403,
          219,
          864
        ],
        [
          369,
          274,
          2444
        ]
      ],
      "classification_report": {
        "away_win": {
          "precision": 0.5573394495412844,
          "recall": 0.5142857142857142,
          "f1-score": 0.53494771601541,
          "support": 1890.0
        },
        "draw": {
          "precision": 0.2927807486631016,
          "recall": 0.14737550471063257,
          "f1-score": 0.19606087735004477,
          "support": 1486.0
        },
        "home_win": {
          "precision": 0.6154621002266432,
          "recall": 0.7917071590540978,
          "f1-score": 0.6925474638707849,
          "support": 3087.0
        },
        "accuracy": 0.5624323069781835,
        "macro avg": {
          "precision": 0.48852743281034305,
          "recall": 0.4844561260168148,
          "f1-score": 0.4745186857454133,
          "support": 6463.0
        },
        "weighted avg": {
          "precision": 0.5242728230769061,
          "recall": 0.5624323069781835,
          "f1-score": 0.532305688995885,
          "support": 6463.0
        }
      },
      "features": [
        "home_goals_scored",
        "home_goals_conceded",
        "home_win_rate",
        "away_goals_scored",
        "away_goals_conceded",
        "away_win_rate",
        "home_advantage"
      ],
      "feature_method": "chronological_pre_match_expanding_stats",
      "training_samples": 25852,
      "test_samples": 6463,
      "test_start_year": 2019,
      "random_state": 42,
      "sklearn_version": "1.9.0",
      "numpy_version": "2.4.6"
    },
    "description": "Random Forest treinado com validação temporal e features pré-jogo sem vazamento de dados.",
    "path": "models/random_forest.pkl",
    "saved_at": "2026-06-19T22:39:12.421010+00:00",
    "active": false
  },
  "gradient_boosting": {
    "type": "sklearn",
    "metrics": {
      "accuracy": 0.5823920779823611,
      "cv_mean": 0.5579851439182916,
      "cv_std": 0.005251186879174612,
      "confusion_matrix": [
        [
          962,
          31,
          897
        ],
        [
          356,
          30,
          1100
        ],
        [
          295,
          20,
          2772
        ]
      ],
      "classification_report": {
        "away_win": {
          "precision": 0.5964042157470552,
          "recall": 0.508994708994709,
          "f1-score": 0.5492435055666571,
          "support": 1890.0
        },
        "draw": {
          "precision": 0.37037037037037035,
          "recall": 0.020188425302826378,
          "f1-score": 0.03828972559029994,
          "support": 1486.0
        },
        "home_win": {
          "precision": 0.5812539316418537,
          "recall": 0.8979591836734694,
          "f1-score": 0.7057026476578412,
          "support": 3087.0
        },
        "accuracy": 0.5823920779823611,
        "macro avg": {
          "precision": 0.5160095059197597,
          "recall": 0.4757141059903349,
          "f1-score": 0.4310786262715995,
          "support": 6463.0
        },
        "weighted avg": {
          "precision": 0.5371971569102131,
          "recall": 0.5823920779823611,
          "f1-score": 0.5064943263295565,
          "support": 6463.0
        }
      },
      "features": [
        "home_goals_scored",
        "home_goals_conceded",
        "home_win_rate",
        "away_goals_scored",
        "away_goals_conceded",
        "away_win_rate",
        "home_advantage"
      ],
      "feature_method": "chronological_pre_match_expanding_stats",
      "training_samples": 25852,
      "test_samples": 6463,
      "test_start_year": 2019,
      "random_state": 42,
      "sklearn_version": "1.9.0",
      "numpy_version": "2.4.6"
    },
    "description": "Gradient Boosting treinado com validação temporal e features pré-jogo sem vazamento de dados.",
    "path": "models/gradient_boosting.pkl",
    "saved_at": "2026-06-19T22:39:12.421010+00:00",
    "active": true
  },
  "svm": {
    "type": "sklearn",
    "metrics": {
      "accuracy": 0.530713291041312,
      "cv_mean": 0.4991179201485608,
      "cv_std": 0.004782927993756556,
      "confusion_matrix": [
        [
          933,
          664,
          293
        ],
        [
          328,
          673,
          485
        ],
        [
          294,
          969,
          1824
        ]
      ],
      "classification_report": {
        "away_win": {
          "precision": 0.6,
          "recall": 0.4936507936507937,
          "f1-score": 0.541654571843251,
          "support": 1890.0
        },
        "draw": {
          "precision": 0.2918473547267997,
          "recall": 0.4528936742934051,
          "f1-score": 0.354957805907173,
          "support": 1486.0
        },
        "home_win": {
          "precision": 0.7009992313604919,
          "recall": 0.5908649173955296,
          "f1-score": 0.6412374758305501,
          "support": 3087.0
        },
        "accuracy": 0.530713291041312,
        "macro avg": {
          "precision": 0.5309488620290972,
          "recall": 0.5124697951132428,
          "f1-score": 0.5126166178603248,
          "support": 6463.0
        },
        "weighted avg": {
          "precision": 0.5773897255661246,
          "recall": 0.530713291041312,
          "f1-score": 0.5462934439502881,
          "support": 6463.0
        }
      },
      "features": [
        "home_goals_scored",
        "home_goals_conceded",
        "home_win_rate",
        "away_goals_scored",
        "away_goals_conceded",
        "away_win_rate",
        "home_advantage"
      ],