{
  "logistic_regression": {
    "type": "sklearn",
    "metrics": {
      "accuracy": 0.39880952380952384,
      "cv_mean": 0.5621621621621622,
      "cv_std": 0.1309997890399534,
      "confusion_matrix": [
        [
          5,
          0,
          56
        ],
        [
          2,
          1,
          37
        ],
        [
          3,
          3,
          61
        ]
      ],
      "classification_report": {
        "away_win": {
          "precision": 0.5,
          "recall": 0.08196721311475409,
          "f1-score": 0.14084507042253522,
          "support": 61.0
        },
        "draw": {
          "precision": 0.25,
          "recall": 0.025,
          "f1-score": 0.045454545454545456,
          "support": 40.0
        },
        "home_win": {
          "precision": 0.3961038961038961,
          "recall": 0.9104477611940298,
          "f1-score": 0.5520361990950227,
          "support": 67.0
        },
        "accuracy": 0.39880952380952384,
        "macro avg": {
          "precision": 0.382034632034632,
          "recall": 0.33913832476959466,
          "f1-score": 0.24611193832403444,
          "support": 168.0
        },
        "weighted avg": {
          "precision": 0.3990414347557205,
          "recall": 0.39880952380952384,
          "f1-score": 0.2821199788888273,
          "support": 168.0
        }
      },
      "features": [
        "home_goals_scored",
        "home_goals_conceded",
        "home_win_rate",
        "away_goals_scored",
        "away_goals_conceded",
        "away_win_rate",
        "home_advantage"
      ],
      "feature_method": "chronological_pre_match_expanding_stats",
      "training_samples": 668,
      "test_samples": 168,
      "test_start_year": 2006,
      "random_state": 42,
      "sklearn_version": "1.9.0",
      "numpy_version": "2.4.6"
    },
    "description": "Logistic Regression treinado com validação temporal e features pré-jogo sem vazamento de dados.",
    "path": "models/logistic_regression.pkl",
    "saved_at": "2026-06-19T19:49:50.534277+00:00",
    "active": false
  },
  "random_forest": {
    "type": "sklearn",
    "metrics": {
      "accuracy": 0.4523809523809524,
      "cv_mean": 0.5567567567567567,
      "cv_std": 0.1412318410253364,
      "confusion_matrix": [
        [
          24,
          11,
          26
        ],
        [
          9,
          9,
          22
        ],
        [
          10,
          14,
          43
        ]
      ],
      "classification_report": {
        "away_win": {
          "precision": 0.5581395348837209,
          "recall": 0.39344262295081966,
          "f1-score": 0.46153846153846156,
          "support": 61.0
        },
        "draw": {
          "precision": 0.2647058823529412,
          "recall": 0.225,
          "f1-score": 0.24324324324324326,
          "support": 40.0
        },
        "home_win": {
          "precision": 0.4725274725274725,
          "recall": 0.6417910447761194,
          "f1-score": 0.5443037974683544,
          "support": 67.0
        },
        "accuracy": 0.4523809523809524,
        "macro avg": {
          "precision": 0.4317909632547116,
          "recall": 0.420077889242313,
          "f1-score": 0.4163618340833531,
          "support": 168.0
        },
        "weighted avg": {
          "precision": 0.45413147369860285,
          "recall": 0.4523809523809524,
          "f1-score": 0.44257101377354546,
          "support": 168.0
        }
      },
      "features": [
        "home_goals_scored",
        "home_goals_conceded",
        "home_win_rate",
        "away_goals_scored",
        "away_goals_conceded",
        "away_win_rate",
        "home_advantage"
      ],
      "feature_method": "chronological_pre_match_expanding_stats",
      "training_samples": 668,
      "test_samples": 168,
      "test_start_year": 2006,
      "random_state": 42,
      "sklearn_version": "1.9.0",
      "numpy_version": "2.4.6"
    },
    "description": "Random Forest treinado com validação temporal e features pré-jogo sem vazamento de dados.",
    "path": "models/random_forest.pkl",
    "saved_at": "2026-06-19T19:49:50.534277+00:00",
    "active": false
  },
  "gradient_boosting": {
    "type": "sklearn",
    "metrics": {
      "accuracy": 0.44047619047619047,
      "cv_mean": 0.5405405405405406,
      "cv_std": 0.13179043998493506,
      "confusion_matrix": [
        [
          12,
          12,
          37
        ],
        [
          7,
          8,
          25
        ],
        [
          9,
          4,
          54
        ]
      ],
      "classification_report": {
        "away_win": {
          "precision": 0.42857142857142855,
          "recall": 0.19672131147540983,
          "f1-score": 0.2696629213483146,
          "support": 61.0
        },
        "draw": {
          "precision": 0.3333333333333333,
          "recall": 0.2,
          "f1-score": 0.25,
          "support": 40.0
        },
        "home_win": {
          "precision": 0.46551724137931033,
          "recall": 0.8059701492537313,
          "f1-score": 0.5901639344262295,
          "support": 67.0
        },
        "accuracy": 0.44047619047619047,
        "macro avg": {
          "precision": 0.4091406677613574,
          "recall": 0.4008971535763804,
          "f1-score": 0.36994228525818135,
          "support": 168.0
        },
        "weighted avg": {
          "precision": 0.4206300336226444,
          "recall": 0.44047619047619047,
          "f1-score": 0.3928001298143129,
          "support": 168.0
        }
      },
      "features": [
        "home_goals_scored",
        "home_goals_conceded",
        "home_win_rate",
        "away_goals_scored",
        "away_goals_conceded",
        "away_win_rate",
        "home_advantage"
      ],
      "feature_method": "chronological_pre_match_expanding_stats",
      "training_samples": 668,
      "test_samples": 168,
      "test_start_year": 2006,
      "random_state": 42,
      "sklearn_version": "1.9.0",
      "numpy_version": "2.4.6"
    },
    "description": "Gradient Boosting treinado com validação temporal e features pré-jogo sem vazamento de dados.",
    "path": "models/gradient_boosting.pkl",
    "saved_at": "2026-06-19T19:49:50.534277+00:00",
    "active": false
  },
  "svm": {
    "type": "sklearn",
    "metrics": {
      "accuracy": 0.4642857142857143,
      "cv_mean": 0.43423423423423424,
      "cv_std": 0.06405905886353576,
      "confusion_matrix": [
        [
          42,
          12,
          7
        ],
        [
          19,
          13,
          8
        ],
        [
          21,
          23,
          23
        ]
      ],
      "classification_report": {
        "away_win": {
          "precision": 0.5121951219512195,
          "recall": 0.6885245901639344,
          "f1-score": 0.5874125874125874,
          "support": 61.0
        },
        "draw": {
          "precision": 0.2708333333333333,
          "recall": 0.325,
          "f1-score": 0.29545454545454547,
          "support": 40.0
        },
        "home_win": {
          "precision": 0.6052631578947368,
          "recall": 0.34328358208955223,
          "f1-score": 0.4380952380952381,
          "support": 67.0
        },
        "accuracy": 0.4642857142857143,
        "macro avg": {
          "precision": 0.46276387105976324,
          "recall": 0.4522693907511622,
          "f1-score": 0.44032079032079036,
          "support": 168.0
        },
        "weighted avg": {
          "precision": 0.4918444485196732,
          "recall": 0.4642857142857143,
          "f1-score": 0.4583495869210155,
          "support": 168.0
        }
      },
      "features": [
        "home_goals_scored",
        "home_goals_conceded",
        "home_win_rate",
        "away_goals_scored",
        "away_goals_conceded",
        "away_win_rate",
        "home_advantage"
      ],
      "feature_method": "chronological_pre_match_expanding_stats",
      "training_samples": 668,
      "test_samples": 168,