{
  "logistic_regression": {
    "type": "sklearn",
    "metrics": {
      "accuracy": 0.5946569920844327,
      "cv_mean": 0.5840756625976026,
      "cv_std": 0.015666667882929426,
      "goals_mae": 0.9286910002408792,
      "goals_rmse": 1.2425755795806606,
      "confusion_matrix": [
        [
          572,
          7,
          318
        ],
        [
          258,
          7,
          444
        ],
        [
          197,
          5,
          1224
        ]
      ],
      "classification_report": {
        "away_win": {
          "precision": 0.5569620253164557,
          "recall": 0.6376811594202898,
          "f1-score": 0.5945945945945946,
          "support": 897.0
        },
        "draw": {
          "precision": 0.3684210526315789,
          "recall": 0.009873060648801129,
          "f1-score": 0.019230769230769232,
          "support": 709.0
        },
        "home_win": {
          "precision": 0.6163141993957704,
          "recall": 0.8583450210378681,
          "f1-score": 0.7174677608440797,
          "support": 1426.0
        },
        "accuracy": 0.5946569920844327,
        "macro avg": {
          "precision": 0.513899092447935,
          "recall": 0.5019664137023198,
          "f1-score": 0.4437643748898146,
          "support": 3032.0
        },
        "weighted avg": {
          "precision": 0.5407880974152437,
          "recall": 0.5946569920844327,
          "f1-score": 0.5178413567610899,
          "support": 3032.0
        }
      },
      "features": [
        "home_goals_scored",
        "home_goals_conceded",
        "home_win_rate",
        "home_matches_played",
        "home_recent_points",
        "home_recent_goal_diff",
        "home_elo",
        "away_goals_scored",
        "away_goals_conceded",
        "away_win_rate",
        "away_matches_played",
        "away_recent_points",
        "away_recent_goal_diff",
        "away_elo",
        "elo_diff",
        "home_advantage",
        "neutral_site",
        "tournament_importance"
      ],
      "feature_method": "chronological_pre_match_expanding_stats",
      "goal_model": "Pipeline",
      "includes_current_2026_results": false,
      "data_source": "international",
      "include_friendlies": true,
      "min_year": 2010,
      "cutoff_date": "2026-06-10",
      "min_team_matches": 30,
      "training_samples": 12124,
      "test_samples": 3032,
      "test_start_year": 2023,
      "random_state": 42,
      "sklearn_version": "1.9.0",
      "numpy_version": "2.4.6"
    },
    "description": "Logistic Regression treinado com validação temporal e features pré-jogo sem vazamento de dados.",
    "path": "models/logistic_regression.pkl",
    "saved_at": "2026-06-23T20:59:26.302248+00:00",
    "active": true
  },
  "random_forest": {
    "type": "sklearn",
    "metrics": {
      "accuracy": 0.5808047493403694,
      "cv_mean": 0.5604311008468053,
      "cv_std": 0.011321520740465146,
      "goals_mae": 0.9470234502621406,
      "goals_rmse": 1.2514484654317475,
      "confusion_matrix": [
        [
          567,
          102,
          228
        ],
        [
          251,
          103,
          355
        ],
        [
          198,
          137,
          1091
        ]
      ],
      "classification_report": {
        "away_win": {
          "precision": 0.5580708661417323,
          "recall": 0.6321070234113713,
          "f1-score": 0.5927861996863565,
          "support": 897.0
        },
        "draw": {
          "precision": 0.30116959064327486,
          "recall": 0.14527503526093088,
          "f1-score": 0.19600380589914368,
          "support": 709.0
        },
        "home_win": {
          "precision": 0.6517323775388292,
          "recall": 0.7650771388499299,
          "f1-score": 0.7038709677419355,
          "support": 1426.0
        },
        "accuracy": 0.5808047493403694,
        "macro avg": {
          "precision": 0.5036576114412789,
          "recall": 0.5141530658407439,
          "f1-score": 0.4975536577758119,
          "support": 3032.0
        },
        "weighted avg": {
          "precision": 0.5420478816179375,
          "recall": 0.5808047493403694,
          "f1-score": 0.5522479945584283,
          "support": 3032.0
        }
      },
      "features": [
        "home_goals_scored",
        "home_goals_conceded",
        "home_win_rate",
        "home_matches_played",
        "home_recent_points",
        "home_recent_goal_diff",
        "home_elo",
        "away_goals_scored",
        "away_goals_conceded",
        "away_win_rate",
        "away_matches_played",
        "away_recent_points",
        "away_recent_goal_diff",
        "away_elo",
        "elo_diff",
        "home_advantage",
        "neutral_site",
        "tournament_importance"
      ],
      "feature_method": "chronological_pre_match_expanding_stats",
      "goal_model": "RandomForestRegressor",
      "includes_current_2026_results": false,
      "data_source": "international",
      "include_friendlies": true,
      "min_year": 2010,
      "cutoff_date": "2026-06-10",
      "min_team_matches": 30,
      "training_samples": 12124,
      "test_samples": 3032,
      "test_start_year": 2023,
      "random_state": 42,
      "sklearn_version": "1.9.0",
      "numpy_version": "2.4.6"
    },
    "description": "Random Forest treinado com validação temporal e features pré-jogo sem vazamento de dados.",
    "path": "models/random_forest.pkl",
    "saved_at": "2026-06-23T20:59:26.302248+00:00",
    "active": false
  },
  "gradient_boosting": {
    "type": "sklearn",
    "metrics": {
      "accuracy": 0.5910290237467019,
      "cv_mean": 0.5707687231936655,
      "cv_std": 0.019107135909693512,
      "goals_mae": 0.9378251854200426,
      "goals_rmse": 1.2407755758735288,
      "confusion_matrix": [
        [
          552,
          29,
          316
        ],
        [
          244,
          27,
          438
        ],
        [
          177,
          36,
          1213
        ]
      ],
      "classification_report": {
        "away_win": {
          "precision": 0.5673175745118191,
          "recall": 0.6153846153846154,
          "f1-score": 0.5903743315508021,
          "support": 897.0
        },
        "draw": {
          "precision": 0.29347826086956524,
          "recall": 0.0380818053596615,
          "f1-score": 0.06741573033707865,
          "support": 709.0
        },
        "home_win": {
          "precision": 0.6166751398068124,
          "recall": 0.8506311360448808,
          "f1-score": 0.7150014736221633,
          "support": 1426.0
        },
        "accuracy": 0.5910290237467019,
        "macro avg": {
          "precision": 0.4924903250627322,
          "recall": 0.5013658522630525,
          "f1-score": 0.45759717850334797,
          "support": 3032.0
        },
        "weighted avg": {
          "precision": 0.5264969329347421,
          "recall": 0.5910290237467019,
          "f1-score": 0.5267004055393347,
          "support": 3032.0
        }
      },
      "features": [
        "home_goals_scored",
        "home_goals_conceded",
        "home_win_rate",
        "home_matches_played",
        "home_recent_points",
        "home_recent_goal_diff",
        "home_elo",
        "away_goals_scored",
        "away_goals_conceded",
        "away_win_rate",
        "away_matches_played",
        "away_recent_points",
        "away_recent_goal_diff",
        "away_elo",
        "elo_diff",
        "home_advantage",
        "neutral_site",
        "tournament_importance"
      ],
      "feature_method": "chronological_pre_match_expanding_stats",
      "goal_model": "MultiOutputRegressor",
      "includes_current_2026_results": false,
      "data_source": "international",
      "include_friendlies": true,
      "min_year": 2010,
      "cutoff_date": "2026-06-10",
      "min_team_matches": 30,
      "training_samples": 12124,
      "test_samples": 3032,
      "test_start_year": 2023,
      "random_state": 42,