{
  "logistic_regression": {
    "type": "sklearn",
    "metrics": {
      "accuracy": 0.5946569920844327,
      "cv_mean": 0.5840756625976026,
      "cv_std": 0.015666667882929426,
      "confusion_matrix": [
        [
          572,
          7,
          318
        ],
        [
          258,
          7,
          444
        ],
        [
          197,
          5,
          1224
        ]
      ],
      "classification_report": {
        "away_win": {
          "precision": 0.5569620253164557,
          "recall": 0.6376811594202898,
          "f1-score": 0.5945945945945946,
          "support": 897.0
        },
        "draw": {
          "precision": 0.3684210526315789,
          "recall": 0.009873060648801129,
          "f1-score": 0.019230769230769232,
          "support": 709.0
        },
        "home_win": {
          "precision": 0.6163141993957704,
          "recall": 0.8583450210378681,
          "f1-score": 0.7174677608440797,
          "support": 1426.0
        },
        "accuracy": 0.5946569920844327,
        "macro avg": {
          "precision": 0.513899092447935,
          "recall": 0.5019664137023198,
          "f1-score": 0.4437643748898146,
          "support": 3032.0
        },
        "weighted avg": {
          "precision": 0.5407880974152437,
          "recall": 0.5946569920844327,
          "f1-score": 0.5178413567610899,
          "support": 3032.0
        }
      },
      "features": [
        "home_goals_scored",
        "home_goals_conceded",
        "home_win_rate",
        "home_matches_played",
        "home_recent_points",
        "home_recent_goal_diff",
        "home_elo",
        "away_goals_scored",
        "away_goals_conceded",
        "away_win_rate",
        "away_matches_played",
        "away_recent_points",
        "away_recent_goal_diff",
        "away_elo",
        "elo_diff",
        "home_advantage",
        "neutral_site",
        "tournament_importance"
      ],
      "feature_method": "chronological_pre_match_expanding_stats",
      "includes_current_2026_results": false,
      "data_source": "international",
      "include_friendlies": true,
      "min_year": 2010,
      "cutoff_date": "2026-06-10",
      "min_team_matches": 30,
      "training_samples": 12124,
      "test_samples": 3032,
      "test_start_year": 2023,
      "random_state": 42,
      "sklearn_version": "1.9.0",
      "numpy_version": "2.4.6"
    },
    "description": "Logistic Regression treinado com validação temporal e features pré-jogo sem vazamento de dados.",
    "path": "models/logistic_regression.pkl",
    "saved_at": "2026-06-23T20:21:19.358717+00:00",
    "active": true
  },
  "random_forest": {
    "type": "sklearn",
    "metrics": {
      "accuracy": 0.5775065963060686,
      "cv_mean": 0.5594413284944463,
      "cv_std": 0.009642718670090386,
      "confusion_matrix": [
        [
          563,
          105,
          229
        ],
        [
          250,
          94,
          365
        ],
        [
          200,
          132,
          1094
        ]
      ],
      "classification_report": {
        "away_win": {
          "precision": 0.5557749259624877,
          "recall": 0.6276477146042363,
          "f1-score": 0.5895287958115183,
          "support": 897.0
        },
        "draw": {
          "precision": 0.283987915407855,
          "recall": 0.1325811001410437,
          "f1-score": 0.18076923076923077,
          "support": 709.0
        },
        "home_win": {
          "precision": 0.6481042654028436,
          "recall": 0.7671809256661991,
          "f1-score": 0.7026332691072575,
          "support": 1426.0
        },
        "accuracy": 0.5775065963060686,
        "macro avg": {
          "precision": 0.4959557022577288,
          "recall": 0.5091365801371598,
          "f1-score": 0.49097709856266886,
          "support": 3032.0
        },
        "weighted avg": {
          "precision": 0.5356445326771028,
          "recall": 0.5775065963060686,
          "f1-score": 0.5471397612814201,
          "support": 3032.0
        }
      },
      "features": [
        "home_goals_scored",
        "home_goals_conceded",
        "home_win_rate",
        "home_matches_played",
        "home_recent_points",
        "home_recent_goal_diff",
        "home_elo",
        "away_goals_scored",
        "away_goals_conceded",
        "away_win_rate",
        "away_matches_played",
        "away_recent_points",
        "away_recent_goal_diff",
        "away_elo",
        "elo_diff",
        "home_advantage",
        "neutral_site",
        "tournament_importance"
      ],
      "feature_method": "chronological_pre_match_expanding_stats",
      "includes_current_2026_results": false,
      "data_source": "international",
      "include_friendlies": true,
      "min_year": 2010,
      "cutoff_date": "2026-06-10",
      "min_team_matches": 30,
      "training_samples": 12124,
      "test_samples": 3032,
      "test_start_year": 2023,
      "random_state": 42,
      "sklearn_version": "1.9.0",
      "numpy_version": "2.4.6"
    },
    "description": "Random Forest treinado com validação temporal e features pré-jogo sem vazamento de dados.",
    "path": "models/random_forest.pkl",
    "saved_at": "2026-06-23T20:21:19.358717+00:00",
    "active": false
  },
  "gradient_boosting": {
    "type": "sklearn",
    "metrics": {
      "accuracy": 0.587730870712401,
      "cv_mean": 0.557241834378093,
      "cv_std": 0.023797265966979394,
      "confusion_matrix": [
        [
          543,
          40,
          314
        ],
        [
          243,
          40,
          426
        ],
        [
          177,
          50,
          1199
        ]
      ],
      "classification_report": {
        "away_win": {
          "precision": 0.5638629283489096,
          "recall": 0.6053511705685619,
          "f1-score": 0.5838709677419355,
          "support": 897.0
        },
        "draw": {
          "precision": 0.3076923076923077,
          "recall": 0.056417489421720736,
          "f1-score": 0.09535160905840286,
          "support": 709.0
        },
        "home_win": {
          "precision": 0.6183599793708097,
          "recall": 0.8408134642356241,
          "f1-score": 0.712630014858841,
          "support": 1426.0
        },
        "accuracy": 0.587730870712401,
        "macro avg": {
          "precision": 0.4966384051373423,
          "recall": 0.5008607080753023,
          "f1-score": 0.46395086388639317,
          "support": 3032.0
        },
        "weighted avg": {
          "precision": 0.529591102726119,
          "recall": 0.587730870712401,
          "f1-score": 0.5301935851172926,
          "support": 3032.0
        }
      },
      "features": [
        "home_goals_scored",
        "home_goals_conceded",
        "home_win_rate",
        "home_matches_played",
        "home_recent_points",
        "home_recent_goal_diff",
        "home_elo",
        "away_goals_scored",
        "away_goals_conceded",
        "away_win_rate",
        "away_matches_played",
        "away_recent_points",
        "away_recent_goal_diff",
        "away_elo",
        "elo_diff",
        "home_advantage",
        "neutral_site",
        "tournament_importance"
      ],
      "feature_method": "chronological_pre_match_expanding_stats",
      "includes_current_2026_results": false,
      "data_source": "international",
      "include_friendlies": true,
      "min_year": 2010,
      "cutoff_date": "2026-06-10",
      "min_team_matches": 30,
      "training_samples": 12124,
      "test_samples": 3032,
      "test_start_year": 2023,
      "random_state": 42,
      "sklearn_version": "1.9.0",
      "numpy_version": "2.4.6"
    },
    "description": "Gradient Boosting treinado com validação temporal e features pré-jogo sem vazamento de dados.",
    "path": "models/gradient_boosting.pkl",
    "saved_at": "2026-06-23T20:21:19.358717+00:00",
    "active": false
  },
  "svm": {
    "type": "sklearn",